Time of Day (Hours from Sunrise),Energy Production (kWh)
0.0,0.0
0.012012012012012012,0.9081465795645774
0.024024024024024024,0.0
0.036036036036036036,1.2649605907541719
0.04804804804804805,0.0
0.06006006006006006,0.34327809995438746
0.07207207207207207,0.0
0.08408408408408408,0.6644061532300856
0.0960960960960961,0.0
0.10810810810810811,0.0
0.12012012012012012,0.5052203970283715
0.13213213213213212,0.0
0.14414414414414414,1.0577871786420356
0.15615615615615616,0.002017921695378975
0.16816816816816815,0.47494884848215563
0.18018018018018017,0.0
0.1921921921921922,0.0
0.2042042042042042,0.0
0.21621621621621623,1.0285592365368452
0.22822822822822822,2.0133886024989027
0.24024024024024024,0.0
0.25225225225225223,1.2927957353282782
0.26426426426426425,0.0
0.27627627627627627,0.0
0.2882882882882883,0.0
0.3003003003003003,0.0
0.3123123123123123,0.0
0.32432432432432434,0.496321654017774
0.3363363363363363,0.0
0.3483483483483483,0.45606499436921566
0.36036036036036034,0.8293750131851049
0.37237237237237236,0.31957849443879316
0.3843843843843844,0.790185301579216
0.3963963963963964,0.0
0.4084084084084084,0.0
0.42042042042042044,1.2703474803805588
0.43243243243243246,0.0
0.4444444444444444,0.0
0.45645645645645644,0.0
0.46846846846846846,0.0
0.4804804804804805,0.0
0.4924924924924925,0.41407130258427216
0.5045045045045045,0.4192609689832156
0.5165165165165165,0.0
0.5285285285285285,0.0
0.5405405405405406,1.290592733071129
0.5525525525525525,0.5971239832384788
0.5645645645645646,2.4915743420196836
0.5765765765765766,1.4177043498098558
0.5885885885885885,1.3747583208444094
0.6006006006006006,0.0
0.6126126126126126,0.9183570438111829
0.6246246246246246,0.0
0.6366366366366366,0.0
0.6486486486486487,0.20353541007423964
0.6606606606606606,1.1362393387945824
0.6726726726726726,0.6030542013411133
0.6846846846846847,0.0
0.6966966966966966,0.8931557636871496
0.7087087087087087,0.0
0.7207207207207207,0.26238366717052897
0.7327327327327328,0.0
0.7447447447447447,0.0
0.7567567567567568,0.9221140741736054
0.7687687687687688,0.0
0.7807807807807807,2.3370434956366215
0.7927927927927928,0.0
0.8048048048048048,0.0
0.8168168168168168,0.4473676125804082
0.8288288288288288,0.7043983311431069
0.8408408408408409,0.0
0.8528528528528528,0.0
0.8648648648648649,0.4962268472468754
0.8768768768768769,0.0
0.8888888888888888,1.6756334928959222
0.9009009009009009,1.0111655696092485
0.9129129129129129,1.05147068151189
0.924924924924925,0.0
0.9369369369369369,0.0
0.948948948948949,0.0
0.960960960960961,0.0
0.9729729729729729,0.43701971830139213
0.984984984984985,0.0
0.996996996996997,0.7916375998904608
1.009009009009009,0.0
1.021021021021021,2.0683530800171757
1.033033033033033,0.0
1.045045045045045,0.2690407482933011
1.057057057057057,0.9563046624856223
1.069069069069069,0.0
1.0810810810810811,1.0294452842322381
1.093093093093093,0.0
1.105105105105105,1.749459176271163
1.117117117117117,0.024124621898425878
1.1291291291291292,0.0
1.1411411411411412,0.0
1.1531531531531531,0.9785738277357705
1.165165165165165,0.0
1.177177177177177,0.0
1.1891891891891893,0.0
1.2012012012012012,0.0
1.2132132132132132,2.193885945444323
1.2252252252252251,0.0
1.2372372372372373,1.0077773560078114
1.2492492492492493,0.26151684941887626
1.2612612612612613,0.0
1.2732732732732732,0.0036665184197428573
1.2852852852852852,0.9519598987128962
1.2972972972972974,0.0
1.3093093093093093,1.4436115748470972
1.3213213213213213,1.2380701401559033
1.3333333333333333,1.115336092412761
1.3453453453453452,0.0
1.3573573573573574,0.0
1.3693693693693694,0.0
1.3813813813813813,0.24978936752615744
1.3933933933933933,0.6696902148144643
1.4054054054054055,0.0
1.4174174174174174,0.005940911542260188
1.4294294294294294,0.20586916875620775
1.4414414414414414,0.0
1.4534534534534533,1.5667032207680809
1.4654654654654655,0.5238385891820725
1.4774774774774775,1.5904755848994825
1.4894894894894894,0.0
1.5015015015015014,1.1443501221209917
1.5135135135135136,1.9820466253364386
1.5255255255255256,1.5946053810914662
1.5375375375375375,0.0
1.5495495495495495,0.0
1.5615615615615615,0.0
1.5735735735735736,0.6102768948911269
1.5855855855855856,0.8474907018355254
1.5975975975975976,0.0
1.6096096096096095,0.10672029838874154
1.6216216216216217,0.0
1.6336336336336337,1.7571757960943606
1.6456456456456456,0.0
1.6576576576576576,0.09549020948971963
1.6696696696696696,0.0
1.6816816816816818,1.4053863341690938
1.6936936936936937,0.0
1.7057057057057057,0.01201291673775914
1.7177177177177176,0.0
1.7297297297297298,0.0
1.7417417417417418,2.1062881300773553
1.7537537537537538,0.0
1.7657657657657657,0.9630143059257765
1.7777777777777777,0.46542395376284396
1.7897897897897899,1.5528331924678993
1.8018018018018018,0.0
1.8138138138138138,0.0
1.8258258258258258,1.3577354769123071
1.8378378378378377,0.554044217180567
1.84984984984985,0.0
1.8618618618618619,0.0
1.8738738738738738,0.5111283161954937
1.8858858858858858,1.054121838465766
1.897897897897898,0.0
1.90990990990991,0.0
1.921921921921922,0.6808863091251655
1.9339339339339339,0.0
1.9459459459459458,0.0
1.957957957957958,0.0
1.96996996996997,1.0359253029122564
1.981981981981982,0.21511838058981858
1.993993993993994,0.0
2.006006006006006,1.730986983829334
2.018018018018018,0.8307002507327185
2.03003003003003,2.0072665716961717
2.042042042042042,0.0
2.054054054054054,0.029970221584169322
2.066066066066066,0.0
2.078078078078078,0.0
2.09009009009009,0.0
2.1021021021021022,0.8313733358974658
2.114114114114114,0.13623687556531971
2.126126126126126,0.8318227416233615
2.138138138138138,0.9300880372488848
2.15015015015015,2.674152786432542
2.1621621621621623,0.0
2.174174174174174,0.0
2.186186186186186,0.3907017110485755
2.1981981981981984,0.0
2.21021021021021,1.8788135875236704
2.2222222222222223,0.0
2.234234234234234,0.0
2.2462462462462462,0.0
2.2582582582582584,0.973402896311821
2.27027027027027,0.0
2.2822822822822824,0.0
2.294294294294294,2.1185253663962302
2.3063063063063063,0.0
2.3183183183183185,0.16898748861437993
2.33033033033033,0.9122833376124502
2.3423423423423424,0.0
2.354354354354354,0.7124610629341201
2.3663663663663663,0.0
2.3783783783783785,1.1304186587503646
2.3903903903903903,0.0
2.4024024024024024,0.9816424622554903
2.414414414414414,1.4810590387832723
2.4264264264264264,1.191604573800014
2.4384384384384385,0.46336522041884887
2.4504504504504503,0.0
2.4624624624624625,0.0
2.4744744744744747,1.939254006666678
2.4864864864864864,0.0
2.4984984984984986,0.0
2.5105105105105103,0.9854848314071689
2.5225225225225225,0.0
2.5345345345345347,0.0
2.5465465465465464,0.0
2.5585585585585586,0.0
2.5705705705705704,0.11140007588805265
2.5825825825825826,0.5073910952339573
2.5945945945945947,1.3623752682009895
2.6066066066066065,0.8583175916460434
2.6186186186186187,0.002333020573573763
2.6306306306306304,0.0
2.6426426426426426,0.8545767635443695
2.6546546546546548,1.7751440747951004
2.6666666666666665,0.4054234142936072
2.6786786786786787,0.0
2.6906906906906904,0.0
2.7027027027027026,0.0
2.714714714714715,1.0776968782072531
2.7267267267267266,0.9781337860581012
2.7387387387387387,0.9839076898587122
2.750750750750751,0.14331956656116332
2.7627627627627627,1.9928015204752867
2.774774774774775,0.0
2.7867867867867866,1.4647370392517465
2.798798798798799,0.2790916456870363
2.810810810810811,0.0
2.8228228228228227,1.0513720314971748
2.834834834834835,0.8394864325561888
2.8468468468468466,0.7840213231233447
2.858858858858859,0.4610645954270108
2.870870870870871,0.3260828974469886
2.8828828828828827,3.245774811155694
2.894894894894895,1.8091620371255517
2.9069069069069067,1.26392591327723
2.918918918918919,0.5393282656178007
2.930930930930931,1.6225517521461934
2.942942942942943,1.04451102893284
2.954954954954955,0.4634796991276303
2.966966966966967,0.0770381903902912
2.978978978978979,0.35366283122389536
2.990990990990991,0.0
3.003003003003003,0.722890556401345
3.015015015015015,0.0
3.027027027027027,2.401473406904215
3.039039039039039,0.523798017201965
3.051051051051051,0.0
3.063063063063063,0.46190317996810026
3.075075075075075,0.0
3.0870870870870872,1.1117612306890248
3.099099099099099,0.9040483349694681
3.111111111111111,1.715749704953398
3.123123123123123,0.0
3.135135135135135,0.6305967316972633
3.1471471471471473,0.0
3.159159159159159,1.45581895143042
3.171171171171171,1.249092952313075
3.183183183183183,1.234041092025592
3.195195195195195,0.6538529399274052
3.2072072072072073,1.162682408246722
3.219219219219219,2.6034188049490226
3.2312312312312312,0.3495700975888074
3.2432432432432434,0.8717454484811411
3.255255255255255,0.0
3.2672672672672673,0.0
3.279279279279279,0.8651343147788138
3.2912912912912913,2.0870563126529773
3.3033033033033035,0.4696048876864551
3.315315315315315,0.5090782620436345
3.3273273273273274,0.31918469184055653
3.339339339339339,0.18124279614888883
3.3513513513513513,1.192657544259247
3.3633633633633635,0.0
3.3753753753753752,2.408021788559831
3.3873873873873874,0.08885350002275672
3.399399399399399,1.7703564968053733
3.4114114114114114,0.0
3.4234234234234235,1.7408516603063913
3.4354354354354353,1.762040528097194
3.4474474474474475,1.434467798108007
3.4594594594594597,0.0
3.4714714714714714,1.3090927786184505
3.4834834834834836,0.0
3.4954954954954953,0.7435734650286505
3.5075075075075075,2.30120931239082
3.5195195195195197,2.041247540513723
3.5315315315315314,1.122985843788639
3.5435435435435436,0.0
3.5555555555555554,1.919410093777628
3.5675675675675675,1.18834371390097
3.5795795795795797,0.0
3.5915915915915915,2.145838734237402
3.6036036036036037,1.1988226604437602
3.6156156156156154,2.6923456677047684
3.6276276276276276,0.0
3.6396396396396398,0.0
3.6516516516516515,1.650527178138364
3.6636636636636637,1.6881549832880312
3.6756756756756754,0.0
3.6876876876876876,0.2102602481085778
3.6996996996997,4.7142533968341525
3.7117117117117115,1.065088460058839
3.7237237237237237,2.3330993068426373
3.735735735735736,0.6995838411470411
3.7477477477477477,0.0
3.75975975975976,1.3258250772666464
3.7717717717717716,1.2367445679468116
3.7837837837837838,1.1012566316652612
3.795795795795796,1.4694887085782806
3.8078078078078077,1.950434804582871
3.81981981981982,1.4797368912081172
3.8318318318318316,0.16994453664490616
3.843843843843844,2.297359860760279
3.855855855855856,0.0
3.8678678678678677,0.0
3.87987987987988,2.684392429176486
3.8918918918918917,2.4342423472067782
3.903903903903904,1.7857020430778114
3.915915915915916,0.20911381100777926
3.9279279279279278,1.0635522414943388
3.93993993993994,1.6274611300297497
3.9519519519519517,0.05771545179664117
3.963963963963964,1.1163045077987173
3.975975975975976,2.816606188731914
3.987987987987988,3.7775677512865866
4.0,1.5927921683207171
4.012012012012012,3.035533796417646
4.024024024024024,0.0
4.036036036036036,2.98332202441897
4.048048048048048,1.2598416032738917
4.06006006006006,2.626315550619787
4.072072072072072,1.9934409413354386
4.084084084084084,3.9088055194257407
4.096096096096096,1.3088724632259456
4.108108108108108,3.1455307657183407
4.12012012012012,2.0915233452439295
4.132132132132132,2.2718155621053833
4.1441441441441444,2.276327581790105
4.156156156156156,1.5176343944040267
4.168168168168168,2.551332362964639
4.18018018018018,2.5292007032528874
4.192192192192192,2.930311991432236
4.2042042042042045,2.7789918177946835
4.216216216216216,3.672256947560767
4.228228228228228,3.860266555397852
4.24024024024024,1.5290147461235761
4.252252252252252,3.8703088588527015
4.2642642642642645,1.44250861846006
4.276276276276276,3.61017986899645
4.288288288288288,3.6873883831138823
4.3003003003003,0.6893776558226152
4.312312312312312,3.1340945449967195
4.324324324324325,2.500189380442734
4.336336336336336,2.192033634620408
4.348348348348348,4.764042056148263
4.36036036036036,2.399369730488888
4.372372372372372,2.257193895845126
4.384384384384385,3.3570355776804686
4.396396396396397,4.1305564756440445
4.408408408408408,3.1798069708570607
4.42042042042042,4.79165336585458
4.4324324324324325,4.0716873717253
4.444444444444445,0.8634526821427695
4.456456456456457,2.8850147190496713
4.468468468468468,2.889509690973062
4.48048048048048,4.1825719245676565
4.4924924924924925,0.5014473331817793
4.504504504504505,6.754195841276134
4.516516516516517,4.377036088180995
4.528528528528528,3.9631384440988877
4.54054054054054,5.247306597857391
4.5525525525525525,6.687003349836931
4.564564564564565,4.964958137385975
4.576576576576577,5.104328429308102
4.588588588588588,4.16851441144302
4.6006006006006,3.888028415576003
4.612612612612613,3.533313046901389
4.624624624624625,3.1595727293765252
4.636636636636637,3.3733568798042404
4.648648648648648,2.6241962268490857
4.66066066066066,4.201125800606296
4.672672672672673,2.318092751015145
4.684684684684685,4.616525596160614
4.696696696696697,4.391765963097495
4.708708708708708,4.659822264000531
4.7207207207207205,3.9052747133785797
4.732732732732733,8.272588307458598
4.744744744744745,6.261203785615751
4.756756756756757,3.1845030320086414
4.768768768768768,5.006460363294227
4.7807807807807805,4.046645934987721
4.792792792792793,3.608276934600901
4.804804804804805,3.267124612040323
4.816816816816817,5.443583255321208
4.828828828828828,4.157127069070696
4.8408408408408405,6.186176968370496
4.852852852852853,6.267463228157631
4.864864864864865,6.773891198133051
4.876876876876877,4.152723719774061
4.888888888888889,5.796538930891857
4.900900900900901,6.035669905291558
4.912912912912913,4.758441718774671
4.924924924924925,4.452159564591894
4.936936936936937,7.360634380252532
4.948948948948949,5.753215084378536
4.960960960960961,6.294471991712518
4.972972972972973,4.595983681048483
4.984984984984985,4.170564550849869
4.996996996996997,5.001657195210262
5.009009009009009,5.587515384270848
5.021021021021021,4.510667314229853
5.033033033033033,5.8273469395015445
5.045045045045045,3.864415880070149
5.057057057057057,4.598051427417461
5.069069069069069,6.798705649685062
5.081081081081081,6.769674871310431
5.093093093093093,5.6263911253649335
5.105105105105105,4.926838531433952
5.117117117117117,4.966771858508055
5.129129129129129,5.803215040112441
5.141141141141141,7.076012715570458
5.153153153153153,7.467904042483969
5.165165165165165,5.809547180619465
5.177177177177177,5.072519977979223
5.1891891891891895,6.829390617058659
5.201201201201201,5.570937496811808
5.213213213213213,5.988403415370913
5.225225225225225,8.251682938423382
5.237237237237237,7.704845092377577
5.2492492492492495,6.952732532038824
5.261261261261261,5.287611056909196
5.273273273273273,7.118225814357595
5.285285285285285,8.19025214831514
5.297297297297297,6.514685639964527
5.3093093093093096,8.637026510872214
5.321321321321321,8.617080160170152
5.333333333333333,9.112205760990136
5.345345345345345,7.531794672489867
5.357357357357357,7.91997717300865
5.36936936936937,8.961555371266844
5.381381381381381,7.850637727878686
5.393393393393393,6.761320928811154
5.405405405405405,6.8733813624704645
5.4174174174174174,7.746515237653093
5.42942942942943,5.959969288498692
5.441441441441442,7.384894722510485
5.453453453453453,8.920584658561262
5.465465465465465,5.022898003993703
5.4774774774774775,9.541199013129114
5.48948948948949,9.093822322799305
5.501501501501502,7.242134946932605
5.513513513513513,8.492518721497282
5.525525525525525,7.89053382981096
5.5375375375375375,9.408753000224085
5.54954954954955,9.15768510031158
5.561561561561562,6.343765619570689
5.573573573573573,8.773626567172435
5.585585585585585,7.866887116250359
5.597597597597598,8.257427867183727
5.60960960960961,7.328261830161605
5.621621621621622,10.343514755038928
5.633633633633633,9.53714122717722
5.645645645645645,7.444284842385693
5.657657657657658,6.773038983963376
5.66966966966967,7.953936198925207
5.681681681681682,8.979920282956135
5.693693693693693,8.788131962617877
5.7057057057057055,10.04459830407703
5.717717717717718,9.529274750339335
5.72972972972973,9.784956425189929
5.741741741741742,9.053365119256632
5.753753753753753,7.0331999913534915
5.7657657657657655,8.504287156535216
5.777777777777778,10.049539481412783
5.78978978978979,8.753442594488794
5.801801801801802,9.456341292797978
5.813813813813813,8.507014622503108
5.8258258258258255,7.690127797177137
5.837837837837838,8.8137809491523
5.84984984984985,9.36803777427227
5.861861861861862,8.245230692860266
5.873873873873873,8.783558647023716
5.885885885885886,7.972886565809282
5.897897897897898,10.476633950836126
5.90990990990991,8.812951250155011
5.921921921921922,10.941816769027499
5.933933933933934,11.064666762164201
5.945945945945946,9.164014203385157
5.957957957957958,8.081665315471334
5.96996996996997,6.818688911057567
5.981981981981982,7.584706408735812
5.993993993993994,7.731349532244292
6.006006006006006,11.654163552953806
6.018018018018018,10.138989504672335
6.03003003003003,10.467525428910385
6.042042042042042,7.335494789277849
6.054054054054054,8.562440284939287
6.066066066066066,11.064495731735544
6.078078078078078,10.344128934859103
6.09009009009009,9.823353665577283
6.102102102102102,10.677810830320148
6.114114114114114,11.962957367362979
6.126126126126126,9.734749043755539
6.138138138138138,10.083243763189683
6.15015015015015,10.231116302477567
6.162162162162162,12.870531562328791
6.1741741741741745,7.480772482697169
6.186186186186186,10.819867617746569
6.198198198198198,9.862237301489124
6.21021021021021,10.680126071421016
6.222222222222222,9.21115293520633
6.2342342342342345,9.94124196296986
6.246246246246246,10.853692695358594
6.258258258258258,13.735492241252608
6.27027027027027,10.969643427282486
6.282282282282282,8.98232128236339
6.2942942942942945,9.491488381572756
6.306306306306306,9.455903069939374
6.318318318318318,7.845228192843982
6.33033033033033,9.603891769958276
6.342342342342342,10.879394898186094
6.354354354354355,8.470921457107845
6.366366366366366,11.258179181260711
6.378378378378378,10.585329785301205
6.39039039039039,9.118920013634755
6.402402402402402,9.830164435194582
6.414414414414415,11.91798616916924
6.426426426426427,10.88025737620704
6.438438438438438,10.010540385877777
6.45045045045045,9.714780019646819
6.4624624624624625,10.091930884541991
6.474474474474475,9.385883730469235
6.486486486486487,7.474300593137182
6.498498498498498,12.450613492641677
6.51051051051051,10.186389999039282
6.5225225225225225,10.477776718147044
6.534534534534535,9.93051070014771
6.546546546546547,9.117859839130494
6.558558558558558,9.776890622861474
6.57057057057057,8.080726285366827
6.5825825825825826,12.732503797663966
6.594594594594595,8.518585601893125
6.606606606606607,8.761640459383385
6.618618618618618,9.471688954736319
6.63063063063063,11.545690869822852
6.642642642642643,10.017410799115185
6.654654654654655,8.516637044763446
6.666666666666667,11.505206032908808
6.678678678678678,10.877200752142578
6.6906906906906904,10.646121948659744
6.702702702702703,10.858881089405008
6.714714714714715,12.873234280698941
6.726726726726727,12.622113874043334
6.738738738738738,9.175941588396046
6.7507507507507505,11.948661991373383
6.762762762762763,10.459801827710681
6.774774774774775,10.598914979365299
6.786786786786787,7.969275002028006
6.798798798798798,9.795537081534166
6.8108108108108105,9.024611691596123
6.822822822822823,10.99367057787197
6.834834834834835,11.285296600483367
6.846846846846847,7.510616378780426
6.858858858858858,9.973558163194875
6.870870870870871,11.346233805753103
6.882882882882883,9.775985245223866
6.894894894894895,10.874876374002838
6.906906906906907,10.4213985611525
6.918918918918919,10.409992278343152
6.930930930930931,9.674422026318043
6.942942942942943,8.540103035037149
6.954954954954955,8.654163823089966
6.966966966966967,10.851223017346381
6.978978978978979,10.02334990662266
6.990990990990991,9.83378530647133
7.003003003003003,8.878391410242342
7.015015015015015,8.992179382893156
7.027027027027027,10.585461080644473
7.039039039039039,8.897055393919077
7.051051051051051,7.659678584119373
7.063063063063063,10.130379153602885
7.075075075075075,8.960624997965692
7.087087087087087,9.21207764720632
7.099099099099099,11.070874383582753
7.111111111111111,9.083944394140776
7.123123123123123,9.42193969687049
7.135135135135135,7.625985734991392
7.147147147147147,8.742344545006652
7.1591591591591595,9.702119437945871
7.171171171171171,7.068473420056905
7.183183183183183,9.139670320404992
7.195195195195195,8.982847643816978
7.207207207207207,8.874200616865316
7.2192192192192195,10.031526227358745
7.231231231231231,9.150071682383832
7.243243243243243,10.483779235763176
7.255255255255255,7.478678217365729
7.267267267267267,8.794540652187031
7.2792792792792795,8.692797441504874
7.291291291291291,7.267906415593929
7.303303303303303,9.657716554714657
7.315315315315315,11.258505401344095
7.327327327327327,8.406817120978458
7.33933933933934,8.991176791362797
7.351351351351351,8.4441088822948
7.363363363363363,7.443536579992128
7.375375375375375,6.071701707191824
7.387387387387387,7.366094278045613
7.3993993993994,6.498721591219041
7.411411411411411,10.16969235277514
7.423423423423423,7.941993735357306
7.435435435435435,7.620043287240406
7.4474474474474475,9.056826124026372
7.45945945945946,6.598117557956002
7.471471471471472,6.978050055709981
7.483483483483483,7.933740713703723
7.495495495495495,9.040051351579732
7.5075075075075075,8.36074109551205
7.51951951951952,8.00962403720592
7.531531531531532,7.758022764632845
7.543543543543543,8.096953368372487
7.555555555555555,7.8107923860844295
7.5675675675675675,6.284738883927302
7.57957957957958,7.527664004366973
7.591591591591592,6.135380935255377
7.603603603603603,7.472328273475181
7.615615615615615,6.749265533931835
7.627627627627628,10.324115224805741
7.63963963963964,7.179607015866644
7.651651651651652,5.492832978498616
7.663663663663663,6.967169949322434
7.675675675675675,7.7015163630997465
7.687687687687688,9.036264529190698
7.6996996996997,6.27067741118205
7.711711711711712,5.02875807710319
7.723723723723723,7.857394528639376
7.7357357357357355,5.1698654764325225
7.747747747747748,6.252474733972828
7.75975975975976,6.415885709737709
7.771771771771772,6.590538984336442
7.783783783783783,7.450073199590385
7.7957957957957955,5.751607359885875
7.807807807807808,6.192309962536417
7.81981981981982,6.452409075766421
7.831831831831832,6.597739251341915
7.843843843843843,6.4842501356106155
7.8558558558558556,6.83865570101773
7.867867867867868,7.276610595682345
7.87987987987988,6.683689397358148
7.891891891891892,6.705334858230016
7.903903903903903,4.2108542758308785
7.915915915915916,6.118278752708192
7.927927927927928,6.581899056641297
7.93993993993994,6.829712357714589
7.951951951951952,5.07267068757018
7.963963963963964,5.061176207311836
7.975975975975976,5.111664468345225
7.987987987987988,6.392881244438005
8.0,6.93848551321828
8.012012012012011,5.157571178329721
8.024024024024024,6.684831426733511
8.036036036036036,5.692270879721637
8.048048048048049,5.343842504752015
8.06006006006006,5.188293238190794
8.072072072072071,6.2869419751271
8.084084084084084,5.730847407509238
8.096096096096096,8.020388334544332
8.108108108108109,4.216076504036841
8.12012012012012,5.809927105484713
8.132132132132131,4.502739760580637
8.144144144144144,4.0443355227982565
8.156156156156156,5.024267320697561
8.168168168168169,5.152093812188532
8.18018018018018,8.439182871454369
8.192192192192191,4.6666499661112075
8.204204204204204,3.4818130451728964
8.216216216216216,5.1162007681907316
8.228228228228229,2.2497435439991462
8.24024024024024,4.579855819799286
8.252252252252251,4.660500656353789
8.264264264264265,5.546036332834917
8.276276276276276,5.712292440459121
8.288288288288289,3.8912813999710294
8.3003003003003,4.266641587770062
8.312312312312311,3.4800459654344653
8.324324324324325,2.9979322856076687
8.336336336336336,4.675905951235995
8.348348348348349,2.728367445215407
8.36036036036036,3.711973185175391
8.372372372372372,2.9683939069666803
8.384384384384385,4.775525765767615
8.396396396396396,6.231155598546846
8.408408408408409,2.4613017581445895
8.42042042042042,1.7535913075425125
8.432432432432432,3.7815975395687262
8.444444444444445,3.9047934150592645
8.456456456456456,4.103091109877264
8.468468468468469,3.2601124138214113
8.48048048048048,3.5101836605075794
8.492492492492492,4.147477187365337
8.504504504504505,4.910759026030915
8.516516516516516,1.272227275167689
8.528528528528529,3.1318720063434644
8.54054054054054,3.7877561174827554
8.552552552552552,2.386476082638245
8.564564564564565,5.522591240681992
8.576576576576576,2.6401172563480357
8.588588588588589,3.3107631045954657
8.6006006006006,3.9855323849246975
8.612612612612612,2.5670444289919674
8.624624624624625,1.0192699432215147
8.636636636636636,2.679636970324632
8.64864864864865,4.388511415862164
8.66066066066066,2.7083665627176092
8.672672672672672,2.0566771244865003
8.684684684684685,4.143264009549373
8.696696696696696,2.5958898612242365
8.70870870870871,2.341294161886146
8.72072072072072,3.0938085002113573
8.732732732732734,3.800643692671761
8.744744744744745,5.695391576834847
8.756756756756756,3.79192158368388
8.76876876876877,4.153261431820087
8.78078078078078,2.116822752338367
8.792792792792794,1.4557838000104821
8.804804804804805,2.7247821328108786
8.816816816816816,2.742063998708591
8.82882882882883,1.283037868793635
8.84084084084084,2.3310110411028226
8.852852852852854,2.984975888380064
8.864864864864865,2.9030167322266154
8.876876876876876,3.0407601309494803
8.88888888888889,2.7501630661536276
8.9009009009009,1.7583067183335555
8.912912912912914,1.7160694405586052
8.924924924924925,0.8603632151404939
8.936936936936936,4.407511437822341
8.94894894894895,2.2489202332830858
8.96096096096096,1.9302764788553322
8.972972972972974,1.0531919117966329
8.984984984984985,5.658495969560606
8.996996996996996,0.8159985710041235
9.00900900900901,1.5579818330958903
9.02102102102102,2.540531792783391
9.033033033033034,2.7310321403450906
9.045045045045045,3.1298643588296713
9.057057057057056,4.119365241692416
9.06906906906907,2.527832635916819
9.08108108108108,0.6237335719449602
9.093093093093094,1.5534814591239232
9.105105105105105,2.2023767997799935
9.117117117117116,4.286328026624561
9.12912912912913,0.09888466599095791
9.14114114114114,3.1914522528916702
9.153153153153154,1.9366806903014924
9.165165165165165,2.6989158810796168
9.177177177177176,1.5441731092449624
9.18918918918919,0.6290057784120888
9.2012012012012,2.5146399175689247
9.213213213213214,2.372885744346607
9.225225225225225,2.7283198346283584
9.237237237237236,1.5204746184261995
9.24924924924925,0.7915468614489506
9.26126126126126,0.0
9.273273273273274,2.445275070779669
9.285285285285285,1.9464923901410272
9.297297297297296,0.2549823419205739
9.30930930930931,0.7440266670898668
9.32132132132132,0.8068935754892476
9.333333333333334,0.0
9.345345345345345,0.3400434133707313
9.357357357357357,0.0
9.36936936936937,0.7817077265741961
9.381381381381381,0.3683871313087722
9.393393393393394,0.0
9.405405405405405,3.6390695695449873
9.417417417417417,2.694002078712621
9.42942942942943,0.23540152973486383
9.441441441441441,1.4766799672378392
9.453453453453454,1.630557746096923
9.465465465465465,2.539001946825743
9.477477477477477,0.10774412760520291
9.48948948948949,2.381239491190503
9.501501501501501,0.3941341026956393
9.513513513513514,0.0
9.525525525525525,1.883198143819539
9.537537537537537,2.544844914319279
9.54954954954955,4.08338572509092
9.561561561561561,0.0
9.573573573573574,1.7812892281808521
9.585585585585585,0.43355031548719813
9.597597597597597,1.848319491609799
9.60960960960961,0.0
9.621621621621621,0.0
9.633633633633634,0.0
9.645645645645645,0.9374212238440889
9.657657657657657,0.057566206919668406
9.66966966966967,1.6021660393051107
9.681681681681681,2.028246960128053
9.693693693693694,1.5003722926852285
9.705705705705705,2.7085612034630815
9.717717717717717,1.2503734794798784
9.72972972972973,0.0
9.741741741741741,2.358841287454409
9.753753753753754,0.0
9.765765765765765,1.7875870067501791
9.777777777777779,2.570040578348033
9.78978978978979,1.2162748121169042
9.801801801801801,0.0
9.813813813813814,0.0
9.825825825825826,2.2168784508436254
9.837837837837839,0.4141644582545485
9.84984984984985,0.7003300005640943
9.861861861861861,1.503362329645515
9.873873873873874,1.4164906397810308
9.885885885885886,0.9037897711838531
9.897897897897899,0.3073490742357538
9.90990990990991,0.17126216122053034
9.921921921921921,1.5648458414458644
9.933933933933934,1.1887411530007883
9.945945945945946,0.20497342624402198
9.957957957957959,1.8017269040146004
9.96996996996997,0.33799063242848104
9.981981981981981,0.0
9.993993993993994,0.0
10.006006006006006,0.0
10.018018018018019,0.1262600109627237
10.03003003003003,1.9241308489432607
10.042042042042041,0.0
10.054054054054054,0.6513520648312859
10.066066066066066,0.0
10.078078078078079,0.09498197016635634
10.09009009009009,0.0
10.102102102102101,0.12551356789617962
10.114114114114114,0.1493490593416244
10.126126126126126,1.021929466512039
10.138138138138139,0.6334596898931562
10.15015015015015,0.0
10.162162162162161,1.6508801805958913
10.174174174174174,0.5945828273946134
10.186186186186186,0.5728102493627876
10.198198198198199,0.3163779768462283
10.21021021021021,0.0
10.222222222222221,0.5744888511065509
10.234234234234235,0.8768986395922778
10.246246246246246,0.0
10.258258258258259,0.0
10.27027027027027,0.0
10.282282282282281,0.5871628981891142
10.294294294294295,1.7054380515449432
10.306306306306306,0.0
10.318318318318319,0.0
10.33033033033033,0.0
10.342342342342342,0.0
10.354354354354355,0.0
10.366366366366366,1.1631704044948195
10.378378378378379,0.0
10.39039039039039,0.7407421306942704
10.402402402402402,0.0
10.414414414414415,0.0
10.426426426426426,0.0
10.438438438438439,2.216789641542689
10.45045045045045,0.0
10.462462462462462,0.0
10.474474474474475,0.0
10.486486486486486,0.22900097548830703
10.498498498498499,0.9202321581607441
10.51051051051051,0.6298885154791882
10.522522522522522,0.3761510837425206
10.534534534534535,1.565593497281046
10.546546546546546,0.0
10.558558558558559,1.2366671951106654
10.57057057057057,0.0
10.582582582582582,0.0
10.594594594594595,0.0
10.606606606606606,0.0
10.618618618618619,0.08845374571792158
10.63063063063063,0.27736637878112114
10.642642642642642,0.211258301383708
10.654654654654655,0.0
10.666666666666666,0.0
10.67867867867868,0.0
10.69069069069069,1.7598235303221275
10.702702702702702,0.0
10.714714714714715,0.0
10.726726726726726,2.0216253471993695
10.73873873873874,0.0
10.75075075075075,0.0
10.762762762762762,0.0
10.774774774774775,0.022297221749362148
10.786786786786786,0.6190675612399625
10.7987987987988,0.9861466238386594
10.81081081081081,3.1824154763217187
10.822822822822824,0.0
10.834834834834835,0.8216450685958572
10.846846846846846,0.0
10.85885885885886,0.0
10.87087087087087,0.0
10.882882882882884,0.0
10.894894894894895,2.101392886284576
10.906906906906906,1.088633994233587
10.91891891891892,0.10367543296214968
10.93093093093093,1.6950701683654144
10.942942942942944,0.0
10.954954954954955,0.0
10.966966966966966,0.0
10.97897897897898,0.0
10.99099099099099,0.25863021832475175
11.003003003003004,0.1863010642039581
11.015015015015015,0.24040129973625046
11.027027027027026,0.0
11.03903903903904,1.0217380643949843
11.05105105105105,0.3439448329844248
11.063063063063064,0.9345344514238889
11.075075075075075,0.0
11.087087087087086,0.4257243135605622
11.0990990990991,0.0
11.11111111111111,0.0
11.123123123123124,0.689037777008162
11.135135135135135,0.15580157000672448
11.147147147147146,0.0
11.15915915915916,0.051493028858006586
11.17117117117117,0.0
11.183183183183184,1.4218871521065775
11.195195195195195,0.0
11.207207207207206,1.381546806356199
11.21921921921922,0.0
11.23123123123123,0.0
11.243243243243244,0.0
11.255255255255255,1.0864745509871345
11.267267267267266,0.0
11.27927927927928,0.8066287378140561
11.29129129129129,0.0
11.303303303303304,0.0
11.315315315315315,0.0
11.327327327327327,0.0
11.33933933933934,0.06934431851914304
11.35135135135135,0.0
11.363363363363364,1.1382086964217806
11.375375375375375,0.0
11.387387387387387,0.0
11.3993993993994,0.8118326033119323
11.411411411411411,1.180731464309068
11.423423423423424,0.0
11.435435435435435,0.0
11.447447447447447,0.0
11.45945945945946,0.0
11.471471471471471,0.0
11.483483483483484,0.14858590809819489
11.495495495495495,0.0
11.507507507507507,0.8444648973971829
11.51951951951952,0.0
11.531531531531531,0.0
11.543543543543544,1.4380901399471704
11.555555555555555,0.42697851751057786
11.567567567567567,0.0
11.57957957957958,0.0
11.591591591591591,0.0
11.603603603603604,0.0
11.615615615615615,0.0
11.627627627627627,0.9207730154357493
11.63963963963964,0.0
11.651651651651651,0.0
11.663663663663664,2.1345398156805877
11.675675675675675,0.39630550815340765
11.687687687687687,0.0
11.6996996996997,0.0
11.711711711711711,0.1443078952668393
11.723723723723724,2.056407843933924
11.735735735735735,0.0
11.747747747747747,1.1814819499406526
11.75975975975976,1.689298944652277
11.771771771771771,0.0
11.783783783783784,0.0
11.795795795795796,0.0
11.807807807807809,0.0
11.81981981981982,0.0
11.831831831831831,0.7997726091147476
11.843843843843844,1.3161542944945455
11.855855855855856,0.0
11.867867867867869,0.0
11.87987987987988,0.0
11.891891891891891,0.3592192234278238
11.903903903903904,0.3060529366749163
11.915915915915916,0.0
11.927927927927929,0.15602897413234032
11.93993993993994,1.8246570857446072
11.951951951951951,0.4640072747719231
11.963963963963964,0.0
11.975975975975976,0.0
11.987987987987989,0.0
12.0,1.969283701018316
